{
  "wiki:Unemployment": {
    "value": [
      1332.0,
      1316.0,
      1330.0,
      1064.0,
      1149.0,
      1357.0,
      1394.0,
      1250.0,
      1536.0,
      1563.0,
      1563.0,
      1341.0,
      1675.0,
      1872.0,
      1908.0,
      1751.0,
      1207.0,
      1097.0,
      1086.0,
      1284.0,
      730.0,
      742.0,
      706.0,
      548.0,
      813.0,
      620.0,
      797.0,
      724.0,
      748.0,
      623.0,
      617.0
    ],
    "expires_at": 1777698163.6681254
  },
  "wiki:Layoff": {
    "value": [
      364.0,
      260.0,
      250.0,
      174.0,
      179.0,
      214.0,
      218.0,
      189.0,
      241.0,
      219.0,
      174.0,
      138.0,
      202.0,
      275.0,
      269.0,
      258.0,
      287.0,
      179.0,
      217.0,
      261.0,
      287.0,
      250.0,
      270.0,
      254.0,
      243.0,
      178.0,
      308.0,
      234.0,
      300.0,
      239.0,
      226.0
    ],
    "expires_at": 1777698163.6546366
  },
  "wiki:Financial_crisis": {
    "value": [
      251.0,
      262.0,
      239.0,
      227.0,
      194.0,
      217.0,
      290.0,
      283.0,
      221.0,
      253.0,
      215.0,
      218.0,
      273.0,
      268.0,
      254.0,
      305.0,
      288.0,
      240.0,
      262.0,
      258.0,
      234.0,
      223.0,
      246.0,
      230.0,
      227.0,
      231.0,
      271.0,
      255.0,
      412.0,
      394.0,
      216.0
    ],
    "expires_at": 1777698163.6693633
  },
  "wiki:Inflation": {
    "value": [
      1563.0,
      1598.0,
      1580.0,
      1418.0,
      1361.0,
      1481.0,
      1554.0,
      1529.0,
      1406.0,
      1497.0,
      1227.0,
      1264.0,
      1610.0,
      1809.0,
      1605.0,
      1640.0,
      2495.0,
      1235.0,
      1248.0,
      1434.0,
      1450.0,
      1399.0,
      1227.0,
      1086.0,
      1129.0,
      1062.0,
      1570.0,
      1997.0,
      1436.0,
      1271.0,
      1178.0
    ],
    "expires_at": 1777698163.667126
  },
  "wiki:Stock_market_crash": {
    "value": [
      493.0,
      494.0,
      448.0,
      377.0,
      340.0,
      365.0,
      421.0,
      484.0,
      430.0,
      399.0,
      370.0,
      326.0,
      568.0,
      620.0,
      558.0,
      526.0,
      513.0,
      450.0,
      365.0,
      504.0,
      469.0,
      446.0,
      479.0,
      455.0,
      445.0,
      370.0,
      523.0,
      535.0,
      547.0,
      483.0,
      404.0
    ],
    "expires_at": 1777698163.6658564
  },
  "wiki:Bankruptcy": {
    "value": [
      593.0,
      556.0,
      610.0,
      620.0,
      502.0,
      594.0,
      622.0,
      584.0,
      607.0,
      684.0,
      625.0,
      608.0,
      724.0,
      886.0,
      677.0,
      665.0,
      580.0,
      570.0,
      749.0,
      715.0,
      707.0,
      627.0,
      616.0,
      765.0,
      530.0,
      535.0,
      664.0,
      711.0,
      855.0,
      611.0,
      543.0
    ],
    "expires_at": 1777698163.6647856
  },
  "wiki:Economic_bubble": {
    "value": [
      334.0,
      331.0,
      442.0,
      485.0,
      328.0,
      282.0,
      319.0,
      297.0,
      366.0,
      334.0,
      229.0,
      325.0,
      272.0,
      423.0,
      413.0,
      379.0,
      343.0,
      266.0,
      344.0,
      306.0,
      354.0,
      303.0,
      283.0,
      336.0,
      301.0,
      417.0,
      449.0,
      466.0,
      389.0,
      482.0,
      320.0
    ],
    "expires_at": 1777698163.6637514
  },
  "wiki:Recession": {
    "value": [
      885.0,
      755.0,
      866.0,
      1046.0,
      551.0,
      665.0,
      778.0,
      641.0,
      644.0,
      701.0,
      673.0,
      693.0,
      776.0,
      968.0,
      967.0,
      725.0,
      592.0,
      438.0,
      555.0,
      674.0,
      599.0,
      477.0,
      536.0,
      456.0,
      466.0,
      561.0,
      688.0,
      548.0,
      634.0,
      615.0,
      501.0
    ],
    "expires_at": 1777698163.6620636
  },
  "fred:DTWEXBGS": {
    "value": [
      118.3609,
      117.9764,
      118.2602,
      118.5034,
      118.2407,
      117.6392,
      117.5216,
      117.4601,
      117.5376,
      117.5258,
      117.7375,
      117.8426,
      118.2354,
      117.9917,
      117.9395,
      117.9463,
      117.769,
      117.9042,
      117.8223,
      118.667,
      119.4341,
      119.0705,
      119.5683,
      119.491,
      119.5151,
      118.7255,
      119.2885,
      119.8227,
      120.5518,
      120.097,
      119.8328,
      119.9276,
      120.1802,
      120.2757,
      119.9371,
      120.1295,
      120.1282,
      120.389,
      120.8851,
      121.2851,
      121.035,
      120.1198,
      120.503,
      120.6565,
      120.4302,
      120.32,
      119.0596,
      118.8998,
      118.8552,
      118.9916,
      118.3581,
      118.3623,
      118.3616,
      118.0795,
      118.2374,
      118.4331,
      118.6004,
      118.7155,
      118.7294
    ],
    "expires_at": 1777699964.198048
  },
  "fred:BAMLH0A0HYM2": {
    "value": [
      2.84,
      2.86,
      2.84,
      2.92,
      2.95,
      2.94,
      2.94,
      2.86,
      2.88,
      2.86,
      2.95,
      2.97,
      2.94,
      2.98,
      3.1,
      3.12,
      3.03,
      3.08,
      2.97,
      3.0,
      3.13,
      3.19,
      3.06,
      3.09,
      3.17,
      3.28,
      3.27,
      3.22,
      3.2,
      3.27,
      3.24,
      3.19,
      3.19,
      3.17,
      3.21,
      3.42,
      3.46,
      3.28,
      3.16,
      3.17,
      3.13,
      3.05,
      3.12,
      2.94,
      2.9,
      2.94,
      2.95,
      2.84,
      2.85,
      2.86,
      2.83,
      2.87,
      2.85,
      2.84,
      2.86,
      2.86,
      2.84,
      2.85,
      2.82,
      2.83
    ],
    "expires_at": 1777699964.2282183
  },
  "av:SPY": {
    "value": [
      683.63,
      683.04,
      687.57,
      689.17,
      681.76,
      680.73,
      678.87,
      671.4,
      676.47,
      680.59,
      684.83,
      687.96,
      690.38,
      690.31,
      687.85,
      687.01,
      681.92,
      683.17,
      687.72,
      691.81,
      689.58,
      689.51,
      694.07,
      695.16,
      693.77,
      690.36,
      692.24,
      691.66,
      677.58,
      685.4,
      688.98,
      689.23,
      692.73,
      695.49,
      695.42,
      694.04,
      691.97,
      695.41,
      689.53,
      686.19,
      677.62,
      690.62,
      693.95,
      692.12,
      691.96,
      681.27,
      681.75,
      682.85,
      686.29,
      684.48,
      689.43,
      682.39,
      687.35,
      693.15,
      689.3,
      685.99,
      686.38,
      680.33,
      685.13,
      681.31,
      672.38,
      678.27,
      677.18,
      676.33,
      666.06,
      662.29,
      669.03,
      670.79,
      661.43,
      659.8,
      648.57,
      655.38,
      653.18,
      656.82,
      645.09,
      634.09,
      631.97,
      650.34,
      655.24,
      655.83,
      658.93,
      659.22,
      676.01,
      679.91,
      679.46,
      686.1,
      694.46,
      699.94,
      701.66,
      710.14,
      708.72,
      704.08,
      711.21,
      708.45,
      713.94,
      715.17,
      711.69,
      711.58,
      718.66,
      720.65
    ],
    "expires_at": 1777700260.0429313
  },