{
  "timestamp": "2026-05-01T11:44:30.781818+00:00",
  "regions": {
    "us": {
      "attention": -0.005674618865223255,
      "market": 0.3114636483029757,
      "narrative": -0.46865079884218785
    },
    "uk": {
      "attention": -0.02704454589804568,
      "market": 0.16918796589511792,
      "narrative": -0.4460834226263125
    },
    "india": {
      "attention": -0.14790455254492996,
      "market": 0.18901006106613583,
      "narrative": -0.33077658888770395
    }
  },
  "meta": {
    "attention": "live",
    "market": "live",
    "narrative": "live"
  }
}