{
  "timestamp": "2026-05-02T11:58:49.548263+00:00",
  "regions": {
    "us": {
      "attention": 0.4351475367154928,
      "market": 0.3171829288821436,
      "narrative": 0.00793983314881289
    },
    "uk": {
      "attention": 0.46973586268984174,
      "market": 0.2469315877141147,
      "narrative": -0.7001934794726747
    },
    "india": {
      "attention": 0.3982799203723465,
      "market": 0.22627430926035969,
      "narrative": -0.4224413749579808
    }
  },
  "meta": {
    "attention": "live",
    "market": "live",
    "narrative": "live"
  }
}