{
  "timestamp": "2026-04-27T08:01:03.601640+00:00",
  "regions": {
    "us": {
      "attention": 0.27613918661116243,
      "market": 0.1907271159860061,
      "narrative": -0.27286805924634006
    },
    "uk": {
      "attention": 0.26662182208485324,
      "market": -0.00970477016870852,
      "narrative": 0.0
    },
    "india": {
      "attention": 0.19840820381074728,
      "market": 0.06473944793903873,
      "narrative": -0.2569499564079826
    }
  },
  "meta": {
    "attention": "live",
    "market": "live",
    "narrative": "live"
  }
}