{
  "timestamp": "2026-04-30T23:38:35.072413+00:00",
  "regions": {
    "us": {
      "attention": 0.15369000489246187,
      "market": 0.3114636483029757,
      "narrative": -0.3044346321387973
    },
    "uk": {
      "attention": 0.14619381028429743,
      "market": 0.16918796589511792,
      "narrative": 0.1484938770505307
    },
    "india": {
      "attention": 0.10469404931639395,
      "market": 0.293114695437331,
      "narrative": -0.5428870033070092
    }
  },
  "meta": {
    "attention": "live",
    "market": "live",
    "narrative": "live"
  }
}