{
  "timestamp": "2026-04-27T13:10:27.218204+00:00",
  "regions": {
    "us": {
      "attention": 0.27613918661116243,
      "market": 0.1907271159860061,
      "narrative": -0.08733691712187701
    },
    "uk": {
      "attention": 0.26662182208485324,
      "market": -0.00970477016870852,
      "narrative": -0.0646297873902803
    },
    "india": {
      "attention": 0.19840820381074728,
      "market": 0.06473944793903873,
      "narrative": -0.5271571060016368
    }
  },
  "meta": {
    "attention": "live",
    "market": "live",
    "narrative": "live"
  }
}