{
  "timestamp": "2026-05-03T11:11:18.492985+00:00",
  "regions": {
    "us": {
      "attention": 0.5603063703392089,
      "market": 0.3171829288821436,
      "narrative": -0.4503824952208869
    },
    "uk": {
      "attention": 0.546153065526568,
      "market": 0.2469315877141147,
      "narrative": null
    },
    "india": {
      "attention": 0.6406583758575706,
      "market": 0.22627430926035969,
      "narrative": -0.5065663507173147
    }
  },
  "meta": {
    "attention": "live",
    "market": "live",
    "narrative": "live"
  }
}