{
  "timestamp": "2026-04-30T17:05:24.547223+00:00",
  "regions": {
    "us": {
      "attention": 0.15369000489246187,
      "market": 0.2235067822418208,
      "narrative": null
    },
    "uk": {
      "attention": 0.14619381028429743,
      "market": 0.06231727990429439,
      "narrative": -0.38612668525758526
    },
    "india": {
      "attention": 0.10469404931639395,
      "market": 0.17363595068101503,
      "narrative": -0.24536981645838468
    }
  },
  "meta": {
    "attention": "live",
    "market": "live",
    "narrative": "live"
  }
}