{
  "timestamp": "2026-04-29T21:46:04.851123+00:00",
  "regions": {
    "us": {
      "attention": -0.19989357898978716,
      "market": 0.3002965098889943,
      "narrative": -0.31371441974221814
    },
    "uk": {
      "attention": -0.20314595896593493,
      "market": 0.1324230206586258,
      "narrative": -0.46499068299751417
    },
    "india": {
      "attention": -0.2643377152749262,
      "market": 0.11503817538746501,
      "narrative": -0.605319023434769
    }
  },
  "meta": {
    "attention": "live",
    "market": "live",
    "narrative": "live"
  }
}