{
  "timestamp": "2026-05-02T18:12:07.842195+00:00",
  "regions": {
    "us": {
      "attention": 0.16492409931251542,
      "market": 0.3171829288821436,
      "narrative": -0.3462177817703642
    },
    "uk": {
      "attention": 0.20440230933885564,
      "market": 0.2469315877141147,
      "narrative": 0.09877685526753531
    },
    "india": {
      "attention": 0.07866295217063597,
      "market": 0.22627430926035969,
      "narrative": -0.38311036699912343
    }
  },
  "meta": {
    "attention": "live",
    "market": "live",
    "narrative": "live"
  }
}