{
  "timestamp": "2026-04-27T17:52:20.735616+00:00",
  "regions": {
    "us": {
      "attention": 0.27613918661116243,
      "market": 0.21045523317181802,
      "narrative": -0.19802874165350765
    },
    "uk": {
      "attention": 0.26662182208485324,
      "market": 0.01002334701710339,
      "narrative": -0.029051822531145563
    },
    "india": {
      "attention": 0.19840820381074728,
      "market": 0.08446756512485064,
      "narrative": -0.5150948432251768
    }
  },
  "meta": {
    "attention": "live",
    "market": "live",
    "narrative": "live"
  }
}