{
  "timestamp": "2026-04-28T00:13:01.020274+00:00",
  "regions": {
    "us": {
      "attention": 0.27217028825699097,
      "market": 0.2595812747011358,
      "narrative": -0.4331112569929397
    },
    "uk": {
      "attention": 0.25760816899623273,
      "market": 0.03479621733833255,
      "narrative": -0.2511313968578852
    },
    "india": {
      "attention": 0.20061920666178767,
      "market": 0.2670174097029909,
      "narrative": -0.21996563838187105
    }
  },
  "meta": {
    "attention": "live",
    "market": "live",
    "narrative": "live"
  }
}