{
  "timestamp": "2026-05-03T11:57:32.667902+00:00",
  "regions": {
    "us": {
      "attention": 0.17739428846818128,
      "market": 0.3171829288821436,
      "narrative": -0.31015780398952386
    },
    "uk": {
      "attention": 0.1575701536876182,
      "market": 0.2469315877141147,
      "narrative": -0.47338188768231987
    },
    "india": {
      "attention": 0.03247334118211316,
      "market": 0.22627430926035969,
      "narrative": null
    }
  },
  "meta": {
    "attention": "live",
    "market": "live",
    "narrative": "live"
  }
}