{
  "timestamp": "2026-05-02T16:44:06.185706+00:00",
  "regions": {
    "us": {
      "attention": 0.4351475367154928,
      "market": 0.3171829288821436,
      "narrative": -0.2999457592053387
    },
    "uk": {
      "attention": 0.46973586268984174,
      "market": 0.2469315877141147,
      "narrative": -0.29495062035611896
    },
    "india": {
      "attention": 0.3982799203723465,
      "market": 0.22627430926035969,
      "narrative": -0.3813855170908988
    }
  },
  "meta": {
    "attention": "live",
    "market": "live",
    "narrative": "live"
  }
}