{
  "timestamp": "2026-04-30T21:55:47.203934+00:00",
  "regions": {
    "us": {
      "attention": 0.025959880950059636,
      "market": 0.2235067822418208,
      "narrative": -0.29248355050369135
    },
    "uk": {
      "attention": 0.06295573230029193,
      "market": 0.06231727990429439,
      "narrative": 0.11779065195383011
    },
    "india": {
      "attention": -0.04961037741594056,
      "market": 0.17363595068101503,
      "narrative": -0.6433683997989678
    }
  },
  "meta": {
    "attention": "live",
    "market": "live",
    "narrative": "live"
  }
}