{
  "timestamp": "2026-05-02T01:17:17.974287+00:00",
  "regions": {
    "us": {
      "attention": -0.16571972776091717,
      "market": 0.3171829288821436,
      "narrative": -0.3550758514745725
    },
    "uk": {
      "attention": -0.18795038831166466,
      "market": 0.2469315877141147,
      "narrative": -0.2315058418913155
    },
    "india": {
      "attention": -0.30505473883591655,
      "market": 0.22627430926035969,
      "narrative": -0.6591900923951581
    }
  },
  "meta": {
    "attention": "live",
    "market": "live",
    "narrative": "live"
  }
}