{
  "timestamp": "2026-04-25T14:13:37.469808+00:00",
  "regions": {
    "us": {
      "attention": 0.06254209532409645,
      "market": 0.1907271159860061,
      "narrative": -0.32924390902380934
    },
    "uk": {
      "attention": 0.022009758650460193,
      "market": -0.00970477016870852,
      "narrative": 0.022895997843172998
    },
    "india": {
      "attention": -0.00887267528368001,
      "market": 0.06473944793903873,
      "narrative": -0.6543795169426991
    }
  },
  "meta": {
    "attention": "live",
    "market": "live",
    "narrative": "live"
  }
}