{
  "timestamp": "2026-04-25T07:52:59.536930+00:00",
  "regions": {
    "us": {
      "attention": 0.06254209532409645,
      "market": 0.1907271159860061,
      "narrative": -0.5448868918166206
    },
    "uk": {
      "attention": 0.022009758650460193,
      "market": -0.00970477016870852,
      "narrative": 0.18824782755907127
    },
    "india": {
      "attention": -0.00887267528368001,
      "market": 0.06473944793903873,
      "narrative": -0.40787541968497637
    }
  },
  "meta": {
    "attention": "live",
    "market": "live",
    "narrative": "live"
  }
}