{
  "timestamp": "2026-05-01T07:52:59.553195+00:00",
  "regions": {
    "us": {
      "attention": -0.005674618865223255,
      "market": 0.3114636483029757,
      "narrative": -0.3896437944352056
    },
    "uk": {
      "attention": -0.02704454589804568,
      "market": 0.16918796589511792,
      "narrative": -0.24764276299777604
    },
    "india": {
      "attention": -0.14790455254492996,
      "market": 0.18901006106613583,
      "narrative": -0.37547369248696333
    }
  },
  "meta": {
    "attention": "live",
    "market": "live",
    "narrative": "live"
  }
}