{
  "timestamp": "2026-04-26T14:33:29.156711+00:00",
  "regions": {
    "us": {
      "attention": 0.13337584006564182,
      "market": 0.1907271159860061,
      "narrative": -0.4686664060244741
    },
    "uk": {
      "attention": 0.19603049570622652,
      "market": -0.00970477016870852,
      "narrative": -0.3747862705415282
    },
    "india": {
      "attention": 0.009221383747009608,
      "market": 0.06473944793903873,
      "narrative": -0.7615941559557649
    }
  },
  "meta": {
    "attention": "live",
    "market": "live",
    "narrative": "live"
  }
}