{
  "timestamp": "2026-04-28T16:26:52.733295+00:00",
  "regions": {
    "us": {
      "attention": 0.035246707634529854,
      "market": 0.27966083722907276,
      "narrative": -0.558960468583279
    },
    "uk": {
      "attention": 0.10313132099462893,
      "market": 0.05487577986626957,
      "narrative": -0.4763559596559556
    },
    "india": {
      "attention": -0.0658070860139078,
      "market": 0.16626573699219482,
      "narrative": null
    }
  },
  "meta": {
    "attention": "live",
    "market": "live",
    "narrative": "live"
  }
}