{
  "timestamp": "2026-05-02T20:04:22.921269+00:00",
  "regions": {
    "us": {
      "attention": 0.1725723677678164,
      "market": 0.3171829288821436,
      "narrative": -0.26261960755793684
    },
    "uk": {
      "attention": 0.22023605590137443,
      "market": 0.2469315877141147,
      "narrative": -0.7615941559557649
    },
    "india": {
      "attention": 0.09218902829911002,
      "market": 0.22627430926035969,
      "narrative": -0.19908537413859803
    }
  },
  "meta": {
    "attention": "live",
    "market": "live",
    "narrative": "live"
  }
}