{
  "timestamp": "2026-04-29T18:06:47.394699+00:00",
  "regions": {
    "us": {
      "attention": 0.03830368236332612,
      "market": 0.3002965098889943,
      "narrative": null
    },
    "uk": {
      "attention": -0.0713021040270779,
      "market": 0.1324230206586258,
      "narrative": -0.3823080454404935
    },
    "india": {
      "attention": -0.11420076300065238,
      "market": 0.11503817538746501,
      "narrative": -0.022756070787299857
    }
  },
  "meta": {
    "attention": "live",
    "market": "live",
    "narrative": "live"
  }
}