{
  "timestamp": "2026-04-24T22:31:15.292225+00:00",
  "regions": {
    "us": {
      "attention": 0.03129778751646214,
      "market": 0.21918620820048978,
      "narrative": -0.4436450543587926
    },
    "uk": {
      "attention": 0.09098310764147927,
      "market": 0.07726111666808323,
      "narrative": -0.5212394017910731
    },
    "india": {
      "attention": -0.10844835985745527,
      "market": 0.14930288936174696,
      "narrative": null
    }
  },
  "meta": {
    "attention": "live",
    "market": "live",
    "narrative": "live"
  }
}