{
  "timestamp": "2026-04-24T03:39:33.831104+00:00",
  "regions": {
    "us": {
      "attention": 0.03129778751646214,
      "market": 0.23748178642754386,
      "narrative": -0.26834542287394025
    },
    "uk": {
      "attention": 0.09098310764147927,
      "market": 0.09998691855412335,
      "narrative": 0.0
    },
    "india": {
      "attention": -0.10844835985745527,
      "market": 0.23748178642754386,
      "narrative": -0.19927743949131746
    }
  },
  "meta": {
    "attention": "live",
    "market": "live",
    "narrative": "live"
  }
}