{
  "timestamp": "2026-04-26T06:33:02.829468+00:00",
  "regions": {
    "us": {
      "attention": 0.13337584006564182,
      "market": 0.1907271159860061,
      "narrative": -0.6190232609026214
    },
    "uk": {
      "attention": 0.19603049570622652,
      "market": -0.00970477016870852,
      "narrative": -0.3143273655093285
    },
    "india": {
      "attention": 0.009221383747009608,
      "market": 0.06473944793903873,
      "narrative": -0.43981386041546483
    }
  },
  "meta": {
    "attention": "live",
    "market": "live",
    "narrative": "live"
  }
}