{
  "timestamp": "2026-05-02T08:08:57.550603+00:00",
  "regions": {
    "us": {
      "attention": 0.16492409931251542,
      "market": 0.3171829288821436,
      "narrative": -0.22344573244013052
    },
    "uk": {
      "attention": 0.20440230933885564,
      "market": 0.2469315877141147,
      "narrative": null
    },
    "india": {
      "attention": 0.07866295217063597,
      "market": 0.22627430926035969,
      "narrative": -0.22534502513935292
    }
  },
  "meta": {
    "attention": "live",
    "market": "live",
    "narrative": "live"
  }
}