{
  "timestamp": "2026-05-02T11:13:52.453426+00:00",
  "regions": {
    "us": {
      "attention": 0.16492409931251542,
      "market": 0.3171829288821436,
      "narrative": -0.1869935897437729
    },
    "uk": {
      "attention": 0.20440230933885564,
      "market": 0.2469315877141147,
      "narrative": -0.3255476743390474
    },
    "india": {
      "attention": 0.07866295217063597,
      "market": 0.22627430926035969,
      "narrative": null
    }
  },
  "meta": {
    "attention": "live",
    "market": "live",
    "narrative": "live"
  }
}