{
  "timestamp": "2026-04-30T12:06:26.832925+00:00",
  "regions": {
    "us": {
      "attention": 0.037424068998207376,
      "market": 0.2340840048861449,
      "narrative": -0.46874443754712525
    },
    "uk": {
      "attention": 0.03656092128876118,
      "market": 0.07289450254861851,
      "narrative": -0.3706013394785365
    },
    "india": {
      "attention": 0.008463827583777082,
      "market": 0.18421317332533915,
      "narrative": -0.4602118266896989
    }
  },
  "meta": {
    "attention": "live",
    "market": "live",
    "narrative": "live"
  }
}