{
  "timestamp": "2026-05-03T07:45:21.893527+00:00",
  "regions": {
    "us": {
      "attention": -0.26799051859247747,
      "market": 0.3171829288821436,
      "narrative": -0.2461590802657406
    },
    "uk": {
      "attention": -0.2868171279451364,
      "market": 0.2469315877141147,
      "narrative": -0.5611841384155551
    },
    "india": {
      "attention": -0.14760143670026676,
      "market": 0.22627430926035969,
      "narrative": -0.5151683071710903
    }
  },
  "meta": {
    "attention": "live",
    "market": "live",
    "narrative": "live"
  }
}