{
  "timestamp": "2026-05-02T13:00:56.752593+00:00",
  "regions": {
    "us": {
      "attention": 0.4351475367154928,
      "market": 0.3171829288821436,
      "narrative": -0.22930900622165976
    },
    "uk": {
      "attention": 0.46973586268984174,
      "market": 0.2469315877141147,
      "narrative": -0.5550288746013486
    },
    "india": {
      "attention": 0.3982799203723465,
      "market": 0.22627430926035969,
      "narrative": -0.5445071070375038
    }
  },
  "meta": {
    "attention": "live",
    "market": "live",
    "narrative": "live"
  }
}