{
  "timestamp": "2026-04-29T00:08:26.486909+00:00",
  "regions": {
    "us": {
      "attention": 0.038831539008910225,
      "market": 0.30150536406094525,
      "narrative": -0.38092396773334075
    },
    "uk": {
      "attention": 0.10942004506008532,
      "market": 0.13363187483057673,
      "narrative": -0.4978021824565855
    },
    "india": {
      "attention": -0.06262972885207675,
      "market": 0.11624702955941595,
      "narrative": -0.5839923192591866
    }
  },
  "meta": {
    "attention": "live",
    "market": "live",
    "narrative": "live"
  }
}