{
  "timestamp": "2026-04-24T20:08:30.261681+00:00",
  "regions": {
    "us": {
      "attention": 0.03129778751646214,
      "market": 0.21918620820048978,
      "narrative": -0.5018381328037804
    },
    "uk": {
      "attention": 0.09098310764147927,
      "market": 0.07726111666808323,
      "narrative": -0.45103592135380355
    },
    "india": {
      "attention": -0.10844835985745527,
      "market": 0.14930288936174696,
      "narrative": -0.4586971364172818
    }
  },
  "meta": {
    "attention": "live",
    "market": "live",
    "narrative": "live"
  }
}