{
  "timestamp": "2026-04-24T17:58:06.589689+00:00",
  "regions": {
    "us": {
      "attention": 0.03129778751646214,
      "market": 0.21918620820048978,
      "narrative": -0.4866642437942099
    },
    "uk": {
      "attention": 0.09098310764147927,
      "market": 0.07726111666808323,
      "narrative": -0.3638879674091618
    },
    "india": {
      "attention": -0.10844835985745527,
      "market": 0.14930288936174696,
      "narrative": -0.11814564201570306
    }
  },
  "meta": {
    "attention": "live",
    "market": "live",
    "narrative": "live"
  }
}