{
  "timestamp": "2026-05-02T14:12:02.526794+00:00",
  "regions": {
    "us": {
      "attention": 0.4351475367154928,
      "market": 0.3171829288821436,
      "narrative": -0.02085697485585758
    },
    "uk": {
      "attention": 0.46973586268984174,
      "market": 0.2469315877141147,
      "narrative": -0.4999803914931376
    },
    "india": {
      "attention": 0.3982799203723465,
      "market": 0.22627430926035969,
      "narrative": -0.4600384040176341
    }
  },
  "meta": {
    "attention": "live",
    "market": "live",
    "narrative": "live"
  }
}