{
  "timestamp": "2026-05-01T17:47:23.618266+00:00",
  "regions": {
    "us": {
      "attention": -0.21859160876217795,
      "market": 0.3487278964971995,
      "narrative": null
    },
    "uk": {
      "attention": -0.23884891287561594,
      "market": 0.20645221408934178,
      "narrative": -0.4460834226263125
    },
    "india": {
      "attention": -0.3500487640956389,
      "market": 0.22627430926035969,
      "narrative": -0.33077658888770395
    }
  },
  "meta": {
    "attention": "live",
    "market": "live",
    "narrative": "live"
  }
}