{
  "timestamp": "2026-04-30T20:45:19.833620+00:00",
  "regions": {
    "us": {
      "attention": 0.15369000489246187,
      "market": 0.2235067822418208,
      "narrative": -0.25984297055683164
    },
    "uk": {
      "attention": 0.14619381028429743,
      "market": 0.06231727990429439,
      "narrative": 0.048042985598527994
    },
    "india": {
      "attention": 0.10469404931639395,
      "market": 0.17363595068101503,
      "narrative": -0.5304276146956979
    }
  },
  "meta": {
    "attention": "live",
    "market": "live",
    "narrative": "live"
  }
}