{
  "timestamp": "2026-04-28T20:50:25.490413+00:00",
  "regions": {
    "us": {
      "attention": 0.035246707634529854,
      "market": 0.2909403158181658,
      "narrative": -0.38092396773334075
    },
    "uk": {
      "attention": 0.10313132099462893,
      "market": 0.06615525845536263,
      "narrative": -0.4978021824565855
    },
    "india": {
      "attention": -0.0658070860139078,
      "market": 0.17754521558128789,
      "narrative": -0.5839923192591866
    }
  },
  "meta": {
    "attention": "live",
    "market": "live",
    "narrative": "live"
  }
}