{
  "timestamp": "2026-04-25T18:08:54.032800+00:00",
  "regions": {
    "us": {
      "attention": 0.06254209532409645,
      "market": 0.1907271159860061,
      "narrative": null
    },
    "uk": {
      "attention": 0.022009758650460193,
      "market": -0.00970477016870852,
      "narrative": -0.2746256776375551
    },
    "india": {
      "attention": -0.00887267528368001,
      "market": 0.06473944793903873,
      "narrative": -0.49173038031663147
    }
  },
  "meta": {
    "attention": "live",
    "market": "live",
    "narrative": "live"
  }
}