{
  "timestamp": "2026-05-02T23:59:28.060400+00:00",
  "regions": {
    "us": {
      "attention": 0.06633429269561646,
      "market": 0.3171829288821436,
      "narrative": -0.23093792004602903
    },
    "uk": {
      "attention": 0.21719059354718953,
      "market": 0.2469315877141147,
      "narrative": null
    },
    "india": {
      "attention": -0.04639141488460574,
      "market": 0.22627430926035969,
      "narrative": -0.4492657739668932
    }
  },
  "meta": {
    "attention": "live",
    "market": "live",
    "narrative": "live"
  }
}