{
  "timestamp": "2026-05-01T23:38:44.209956+00:00",
  "regions": {
    "us": {
      "attention": -0.1438658864285886,
      "market": 0.3171829288821436,
      "narrative": -0.35614157307362093
    },
    "uk": {
      "attention": -0.15623692196819744,
      "market": 0.2469315877141147,
      "narrative": -0.5457300580257946
    },
    "india": {
      "attention": -0.23438527629903208,
      "market": 0.34280035969629613,
      "narrative": null
    }
  },
  "meta": {
    "attention": "live",
    "market": "live",
    "narrative": "live"
  }
}