{
  "timestamp": "2026-05-03T02:38:41.382294+00:00",
  "regions": {
    "us": {
      "attention": -0.005705446368428138,
      "market": 0.3171829288821436,
      "narrative": -0.2328871254040205
    },
    "uk": {
      "attention": -0.03226281801780501,
      "market": 0.34280035969629613,
      "narrative": -0.5825143336598093
    },
    "india": {
      "attention": 0.12046848041264345,
      "market": 0.22627430926035969,
      "narrative": -0.41764826277102524
    }
  },
  "meta": {
    "attention": "live",
    "market": "live",
    "narrative": "live"
  }
}