{
  "timestamp": "2026-04-26T09:41:16.694826+00:00",
  "regions": {
    "us": {
      "attention": 0.13337584006564182,
      "market": 0.1907271159860061,
      "narrative": -0.4489943580285924
    },
    "uk": {
      "attention": 0.19603049570622652,
      "market": -0.00970477016870852,
      "narrative": -0.04692551104043058
    },
    "india": {
      "attention": 0.009221383747009608,
      "market": 0.06473944793903873,
      "narrative": -0.6887112486796205
    }
  },
  "meta": {
    "attention": "live",
    "market": "live",
    "narrative": "live"
  }
}