{
  "timestamp": "2026-05-03T09:09:15.292869+00:00",
  "regions": {
    "us": {
      "attention": 0.2469710208852294,
      "market": 0.3171829288821436,
      "narrative": -0.3429571267157258
    },
    "uk": {
      "attention": 0.24558083328369212,
      "market": 0.2469315877141147,
      "narrative": null
    },
    "india": {
      "attention": 0.2969697577425709,
      "market": 0.22627430926035969,
      "narrative": -0.48876772890802633
    }
  },
  "meta": {
    "attention": "live",
    "market": "live",
    "narrative": "live"
  }
}