{
  "timestamp": "2026-04-24T06:24:50.113555+00:00",
  "regions": {
    "us": {
      "attention": 0.03129778751646214,
      "market": 0.2419120100865299,
      "narrative": -0.5135209012396212
    },
    "uk": {
      "attention": 0.09098310764147927,
      "market": 0.09998691855412335,
      "narrative": -0.012179397724995551
    },
    "india": {
      "attention": -0.10844835985745527,
      "market": 0.17202869124778708,
      "narrative": -0.7512245755502934
    }
  },
  "meta": {
    "attention": "live",
    "market": "live",
    "narrative": "live"
  }
}