{
  "timestamp": "2026-04-25T16:09:42.326391+00:00",
  "regions": {
    "us": {
      "attention": 0.06254209532409645,
      "market": 0.1907271159860061,
      "narrative": -0.4455866593596563
    },
    "uk": {
      "attention": 0.022009758650460193,
      "market": -0.00970477016870852,
      "narrative": -0.13448039631380132
    },
    "india": {
      "attention": -0.00887267528368001,
      "market": 0.06473944793903873,
      "narrative": null
    }
  },
  "meta": {
    "attention": "live",
    "market": "live",
    "narrative": "live"
  }
}