{
  "timestamp": "2026-05-03T15:05:16.200242+00:00",
  "regions": {
    "us": {
      "attention": 0.5603063703392089,
      "market": 0.3171829288821436,
      "narrative": -0.1605001221711741
    },
    "uk": {
      "attention": 0.546153065526568,
      "market": 0.2469315877141147,
      "narrative": -0.5699845772562152
    },
    "india": {
      "attention": 0.6406583758575706,
      "market": 0.22627430926035969,
      "narrative": null
    }
  },
  "meta": {
    "attention": "live",
    "market": "live",
    "narrative": "live"
  }
}