{
  "timestamp": "2026-04-27T21:37:19.976704+00:00",
  "regions": {
    "us": {
      "attention": 0.27613918661116243,
      "market": 0.23560463532863152,
      "narrative": -0.4794269993651707
    },
    "uk": {
      "attention": 0.26662182208485324,
      "market": 0.03517274917391691,
      "narrative": -0.28977443100886346
    },
    "india": {
      "attention": 0.19840820381074728,
      "market": 0.10961696728166416,
      "narrative": -0.42752157249823897
    }
  },
  "meta": {
    "attention": "live",
    "market": "live",
    "narrative": "live"
  }
}