{
  "timestamp": "2026-05-02T15:59:37.436143+00:00",
  "regions": {
    "us": {
      "attention": 0.13314337274099194,
      "market": 0.3171829288821436,
      "narrative": -0.27601197663365235
    },
    "uk": {
      "attention": 0.17305748664672263,
      "market": 0.2469315877141147,
      "narrative": -0.2680113139477492
    },
    "india": {
      "attention": 0.02096232122833099,
      "market": 0.22627430926035969,
      "narrative": -0.34674575197995455
    }
  },
  "meta": {
    "attention": "live",
    "market": "live",
    "narrative": "live"
  }
}