{
  "timestamp": "2026-05-02T20:59:49.413113+00:00",
  "regions": {
    "us": {
      "attention": 0.16492409931251542,
      "market": 0.3171829288821436,
      "narrative": -0.2831837307879687
    },
    "uk": {
      "attention": 0.20440230933885564,
      "market": 0.2469315877141147,
      "narrative": 0.0
    },
    "india": {
      "attention": 0.041940064311733104,
      "market": 0.22627430926035969,
      "narrative": -0.6891105539782583
    }
  },
  "meta": {
    "attention": "live",
    "market": "live",
    "narrative": "live"
  }
}