{
  "timestamp": "2026-05-02T15:04:47.748436+00:00",
  "regions": {
    "us": {
      "attention": 0.23427563269635343,
      "market": 0.3171829288821436,
      "narrative": -0.3373684435280743
    },
    "uk": {
      "attention": 0.2749500038358406,
      "market": 0.2469315877141147,
      "narrative": 0.2511501354241961
    },
    "india": {
      "attention": -0.010708154101663288,
      "market": 0.22627430926035969,
      "narrative": -0.47283857102178517
    }
  },
  "meta": {
    "attention": "live",
    "market": "live",
    "narrative": "live"
  }
}