{
  "timestamp": "2026-05-02T04:34:29.909814+00:00",
  "regions": {
    "us": {
      "attention": 0.4351475367154928,
      "market": 0.3171829288821436,
      "narrative": -0.5690251343830394
    },
    "uk": {
      "attention": 0.46973586268984174,
      "market": 0.2469315877141147,
      "narrative": -0.07511822861655998
    },
    "india": {
      "attention": 0.3982799203723465,
      "market": 0.22627430926035969,
      "narrative": 0.10649464894041825
    }
  },
  "meta": {
    "attention": "live",
    "market": "live",
    "narrative": "live"
  }
}