{
  "timestamp": "2026-05-02T09:19:51.916611+00:00",
  "regions": {
    "us": {
      "attention": 0.4351475367154928,
      "market": 0.3171829288821436,
      "narrative": -0.39916897017609165
    },
    "uk": {
      "attention": 0.46973586268984174,
      "market": 0.2469315877141147,
      "narrative": -0.43221717529004466
    },
    "india": {
      "attention": 0.14004531830778277,
      "market": 0.22627430926035969,
      "narrative": -0.40667427683073215
    }
  },
  "meta": {
    "attention": "live",
    "market": "live",
    "narrative": "live"
  }
}