{
  "timestamp": "2026-04-27T00:01:38.131862+00:00",
  "regions": {
    "us": {
      "attention": 0.13337584006564182,
      "market": 0.1907271159860061,
      "narrative": -0.5143892042994327
    },
    "uk": {
      "attention": 0.19603049570622652,
      "market": -0.00970477016870852,
      "narrative": null
    },
    "india": {
      "attention": 0.009221383747009608,
      "market": 0.06473944793903873,
      "narrative": -0.6040630137265747
    }
  },
  "meta": {
    "attention": "live",
    "market": "live",
    "narrative": "live"
  }
}