{
  "timestamp": "2026-04-30T06:46:04.344774+00:00",
  "regions": {
    "us": {
      "attention": 0.15369000489246187,
      "market": 0.2340840048861449,
      "narrative": -0.44958498069214303
    },
    "uk": {
      "attention": 0.04853752161529142,
      "market": 0.07289450254861851,
      "narrative": -0.19637563067643404
    },
    "india": {
      "attention": 0.1453690182579702,
      "market": 0.18421317332533915,
      "narrative": -0.21073463709089119
    }
  },
  "meta": {
    "attention": "live",
    "market": "live",
    "narrative": "live"
  }
}