{
  "timestamp": "2026-04-29T13:11:37.215930+00:00",
  "regions": {
    "us": {
      "attention": -0.16615484399609204,
      "market": 0.30150536406094525,
      "narrative": -0.3850540221630994
    },
    "uk": {
      "attention": 0.06669836614920924,
      "market": 0.13363187483057673,
      "narrative": -0.33751022507897493
    },
    "india": {
      "attention": 0.002043011301343366,
      "market": 0.11624702955941595,
      "narrative": -0.45765423761150265
    }
  },
  "meta": {
    "attention": "live",
    "market": "live",
    "narrative": "live"
  }
}