{
  "timestamp": "2026-05-02T19:17:31.330099+00:00",
  "regions": {
    "us": {
      "attention": -0.052626848468767765,
      "market": 0.3171829288821436,
      "narrative": -0.3835368984826114
    },
    "uk": {
      "attention": -0.009173077975140442,
      "market": 0.2469315877141147,
      "narrative": null
    },
    "india": {
      "attention": -0.255192064108891,
      "market": 0.22627430926035969,
      "narrative": -0.5235225492649723
    }
  },
  "meta": {
    "attention": "live",
    "market": "live",
    "narrative": "live"
  }
}