{
  "timestamp": "2026-05-02T23:07:45.213325+00:00",
  "regions": {
    "us": {
      "attention": 0.03391886173326002,
      "market": 0.3171829288821436,
      "narrative": -0.17618236497709022
    },
    "uk": {
      "attention": 0.07727966197938475,
      "market": 0.2469315877141147,
      "narrative": 0.0314296448909535
    },
    "india": {
      "attention": -0.010694007370026739,
      "market": 0.22627430926035969,
      "narrative": null
    }
  },
  "meta": {
    "attention": "live",
    "market": "live",
    "narrative": "live"
  }
}