{
  "timestamp": "2026-04-26T21:56:54.380876+00:00",
  "regions": {
    "us": {
      "attention": 0.13607594014220564,
      "market": 0.1907271159860061,
      "narrative": -0.5143892042994327
    },
    "uk": {
      "attention": 0.19867340435195596,
      "market": -0.00970477016870852,
      "narrative": 0.0
    },
    "india": {
      "attention": 0.01197109086159649,
      "market": 0.06473944793903873,
      "narrative": -0.6040630137265747
    }
  },
  "meta": {
    "attention": "live",
    "market": "live",
    "narrative": "live"
  }
}