{
  "timestamp": "2026-04-30T21:49:24.021907+00:00",
  "regions": {
    "us": {
      "attention": 0.13528366830198466,
      "market": 0.2235067822418208,
      "narrative": -0.29248355050369135
    },
    "uk": {
      "attention": 0.1277477022006763,
      "market": 0.06231727990429439,
      "narrative": 0.11779065195383011
    },
    "india": {
      "attention": 0.0860662610569014,
      "market": 0.17363595068101503,
      "narrative": null
    }
  },
  "meta": {
    "attention": "live",
    "market": "live",
    "narrative": "live"
  }
}