{
  "timestamp": "2026-04-25T20:02:48.279182+00:00",
  "regions": {
    "us": {
      "attention": 0.06254209532409645,
      "market": 0.03534157805138831,
      "narrative": -0.6520288949626077
    },
    "uk": {
      "attention": 0.022009758650460193,
      "market": -0.1650903081033263,
      "narrative": null
    },
    "india": {
      "attention": -0.00887267528368001,
      "market": -0.09064608999557906,
      "narrative": -0.6340021104869977
    }
  },
  "meta": {
    "attention": "live",
    "market": "live",
    "narrative": "live"
  }
}